{"cameraMode":{"drawMode":0,"name":"Shaded","section":"Shading Mode"},"sceneLighting":true,"audioPlay":false,"sceneViewState":{"showFog":true,"showMaterialUpdate":false,"showSkybox":true,"showFlares":true,"showImageEffects":true,"showParticleSystems":true},"in2DMode":false,"pivot":{"x":-0.4574912190437317,"y":1.406664490699768,"z":5.144138336181641},"rotation":{"x":-0.14609163999557496,"y":-0.15182818472385407,"z":0.022685155272483827,"w":-0.9773209095001221},"size":1.5781238079071046,"orthographic":false}